reservation_id,name
0,Tanya Chavez
0,Zachary Strickland
1,Natasha Perry
2,Cody Gonzales
3,Amber Cook
3,Thomas Meza
4,Mikayla Mendez
5,Heather Gilbert
5,Shannon Mclaughlin
6,James Price
7,Robert Wilkinson
7,Sheila Young
8,Gregory Johnson
8,Sarah Black
8,Carl Reid
9,Melanie Elliott
9,Tammy Bryan
10,Eric Davis
10,Mary Smith
11,Christine Blackburn
11,Dr. Kevin Friedman
11,Karen Murray
12,Ryan Walton
12,Ryan Hunter
13,Brian Rodriguez
13,Riley Lewis
13,Allison Goodman
13,Mary Brown
13,Debbie Aguirre DVM
13,Cole Mason
13,Rachel Willis
14,Ellen Klein
14,Sharon Lee
15,Desiree Hopkins
16,Michael Velasquez
16,Zachary Gutierrez
17,Karen Gonzalez
17,Debbie Watson
18,Zachary Whitehead
18,Ronald Thomas
19,Katelyn Warren
19,Jason Wood
19,Karen Barnes
20,Tammy Ross
20,David Orozco
21,Antonio Ingram
21,Jessica Harper
22,Destiny Lawson
23,Dan Dennis
24,Hannah Barajas
24,Kristin Martinez
25,Sherry Prince
25,Vanessa Moran
26,Kathleen Thomas
26,Susan Hughes
26,Noah Anderson
28,Cynthia Benson
28,Paul Harris
28,Lisa Ross
28,Ian Price
28,Ryan Cruz
28,Alexandra Lee
28,Brian Blake
29,Sarah Davis
29,Kyle Robles
31,Michael Short
31,Karen Rogers
31,Tyler Moss
32,Kenneth Mcintyre
32,Michael Carpenter
32,Justin Valencia
32,Juan Martinez
32,Misty Brooks
32,Meghan Adams
32,Michael Harris
32,Misty Goodwin
34,Matthew Stafford
34,Connor Martinez
35,Gabrielle Edwards
35,Michele Chapman
37,Luke Miller
38,Bonnie Gray
38,Dennis Griffin
38,Mark Mosley
38,Sarah Walker
38,Linda Williams
38,Thomas Foster
38,Katherine Hart
38,Jillian Chavez
40,Danny King
40,Morgan Walker
40,Andrea Hale
41,Johnny Reynolds
41,Kevin Alvarez
41,Nancy Dunn
41,Christine Bell
41,Steven Gonzalez
41,Matthew Coleman
41,Michael Lane
41,Jessica Wade
43,Taylor Blake
44,Peter Banks
44,Andrea Horton
44,Corey Stewart
44,Lisa Davis
46,Travis Morgan
47,Elizabeth Chase
47,Rebecca Bowen
47,Diane Walker
49,Jason Kelly
50,Lucas Lopez
50,Madeline Perry
50,Jennifer Blevins
52,Kelly Smith
52,John Mendez
53,Courtney Mcdaniel
53,Eric Taylor
53,Karen Garcia
53,Colleen Vang
53,Tracy Black
53,Aaron Barber
53,Matthew Carter
54,Megan Austin
54,Jennifer Wheeler
54,Michael Hatfield
54,Oscar Moore
54,Philip Jenkins
54,Brian Hodges Jr.
54,Jessica Kane
55,Christopher Davis
57,Bryan Hernandez
57,Shawn Alexander
57,Lisa Edwards
57,Brent Myers
57,Austin Garcia
57,Lisa Nicholson
57,Stephanie Gregory
58,Debbie Myers
58,Julia Wall
60,Brett Mcdonald
61,Jonathon Hansen
61,Larry Morris
61,Valerie Johnson
62,Zachary Carroll
62,Mrs. Kimberly Carson
63,John Holt
63,Johnathan Duncan
65,Nicholas Miller
65,Katie Taylor
65,Kenneth Hoover
66,Valerie Humphrey
66,Katherine Cox
68,Deanna Wallace
68,Krista Davis
69,John French
69,Jennifer Hoffman
69,Laura Smith
69,Shirley Garcia
69,Mr. Cody Herrera
69,Shawn Duncan
69,Cynthia Cummings
70,Alexander Myers
70,David Walsh
70,Robert Blankenship
70,Jessica Jordan
70,Joseph Carter
70,Amanda Warren
70,Stephanie Ford
71,Jacob Hill
73,Melissa Jones
73,Cody Fritz
73,Randy Wilson
75,Alan Barnett
75,David Perez
75,Amanda Diaz
75,Gary Johnson
75,Cynthia Bruce
75,Thomas Williams
75,Bryan Hudson
76,Joseph Sims
76,Caleb Davis
77,Jesse Vaughn
78,Gary Williams
78,Cassandra Floyd
79,Todd Boone
79,Charles Powers
79,Ashley Bryant
