guest_id,display_name,rating,comment,date
32,stuff,2,"Truth foot plan car so world.
None type through question. Late yes direction friend analysis.
More color mention figure short total young. Smile lose however which.",2023-12-31
3,medical,4,"Look sure interest sport president side.
Involve interest south by up establish up. Increase save each sing. Bad politics discuss state across most.
Certainly special court available if.",2023-11-03
3,although,5,Ago need what above big hospital. Put agency field total.,2023-12-09
31,pretty,1,"Nation ten open audience add response around. Identify south social win argue.
One purpose way specific. Not season long poor daughter mean.",2024-02-21
26,receive,4,"Travel how friend. Environment scientist fall necessary.
Across physical important police remember style. Forward none might side growth song explain.",2024-03-13
5,fine,4,Which ever right especially laugh picture. Long bill around dark national best. Thank hope up whom source.,2024-02-26
34,KimMartinez,5,"Treat attorney decide painting box team eat. We subject when laugh heart also.
Wish fine describe tend. Realize four wife parent quickly perform.",2014-11-27
125,IsabelSampson,3,"Before our evidence statement brother else. Entire yard hour day.
Research series meeting none either society. Box take billion education now. North account college own.",2020-12-15
143,StephenRobinson,4,"Tonight threat store our language. Call name which.
Material moment within. Hot want treatment strategy. Close police present study rise sometimes same head. Center five either ask degree girl.",2011-10-30
169,PatriciaJackson,1,Great born cultural professional my fear among. Him certainly site experience. Sing order indeed from yes suffer financial.,2002-08-09
19,ElizabethFlynn,3,Deep religious sea leg glass protect protect investment. Party garden before figure ok. Help response research happen night whom. See mean nor help significant happy rich science.,2002-03-11
170,NathanCarroll,4,Open finish player your. Wife strong else week TV he. Focus once magazine boy discussion beautiful stage.,2009-03-17
97,RachelReed,1,Question game black successful law. Success include authority agent. Work company tend interest.,2017-02-14
147,CodyWhite,5,Young current practice everyone without lawyer positive answer. Physical west before individual.,2008-06-12
127,TinaJohnson,4,"Actually put try. Time say test up section.
Magazine view address produce power. Floor assume party billion help director much build.",2006-12-23
13,KaitlynKelly,5,"Knowledge away news help job town bit. Wear necessary financial. Return radio accept kind.
Exactly good same though stop offer political. Focus fill first computer.",2009-12-22
175,AdrianaMontoya,1,"Approach forward view speak line. Stock situation across city. Blood treatment could cost money when cup.
Station television game. Treat tell also purpose quite not.",2019-05-01
136,DerekPark,4,"Often take win American short lose road. Suffer whom ten receive door. Medical fish way including.
Suggest different store common move key.",2000-03-31
9,NicoleMcdonald,4,"Hospital well support college. Shake environment off reason natural use peace third.
Six chair admit ability second they. Discuss fine someone factor born fast least grow.",2017-11-05
52,SamanthaHolland,2,"Set at hold instead member against commercial. Myself officer north practice carry. With approach media entire strong your.
Reveal letter often deep tell student environmental.",2003-10-04
99,JoshuaAllen,4,"Artist care medical whether recent serve risk military.
Political accept small both perform to management. Rest wind provide firm door. Democrat travel force present.",2016-09-11
23,CraigSchneider,2,"Manage media partner story information civil. Always decide alone guy society.
Lose line record material.
Contain citizen get establish. Win class bill spring debate officer require.",2011-02-10
80,KellyLewis,5,"Condition second though daughter daughter word turn carry. Population front key general across parent movement partner.
Save Mr right science. Probably we card western close.",2022-09-14
15,NoahDonovan,3,"Condition wear summer support standard up will. Whatever floor outside election. During tax paper budget.
Many able whatever score mission surface speak. Cup current firm collection.",2019-10-26
114,KristenTodd,2,"Citizen or able in. Figure clear reflect suddenly my age. Baby could as air yard door.
Yourself although where sound person Republican. Finally how else rise behind she.",2015-12-02
99,JoshuaAllen,4,South bed yes bill local allow apply. Charge study office ago check forward. Full main rather unit determine back. Although me third the successful all.,2012-09-01
45,AaronJames,1,Short race fish story far. Involve expect with effect. Right two interview.,2008-10-25
152,JenniferAdams,1,"Usually front finish glass science finish stop soldier. Always officer gun idea.
War be stop identify there statement food subject. Throughout whose tend change go. Attack safe sort.",2009-03-10
127,TinaJohnson,1,Hot major lay police get technology. Off effort least arrive indicate analysis itself. Tend nice modern red agree.,2010-12-08
63,BrandonCasey,1,"Finish instead course understand main situation prove two. Watch soon whatever paper Mr third be.
Perhaps activity month TV history customer three. Force country economy easy music learn now.",2016-08-21
178,NancyStrong,3,"Account reach dinner amount. From goal those however sound on.
Happen reason firm return agreement goal brother. Paper reflect mother else raise.",1999-09-14
120,ClaytonLam,1,Whom avoid production see such property not. Age rule decide last imagine piece.,2006-02-06
134,KathrynMcgrath,1,Certain sure here defense safe. Nice single per old wife big. Step position experience best sell. Spring well pay audience read team employee.,2020-05-25
163,KathleenHammond,4,Add one player mean report. Congress material among hundred know everything everything control.,2011-08-12
54,JamesValenzuela,2,Which president fill agent worry. Prevent along nature son unit fly. Break my my adult remain. Mission least set president theory single production.,2021-10-31
106,RaymondJackson,2,"During mean both society specific. One eight group success tree new. Tax everything every agreement yard property. Church even science within be.
Option skill board agree business.",2013-08-08
81,ColleenMiller,4,Either several parent she foot close. Nice bank have although memory. End special speech raise meeting.,2016-02-11
34,KimMartinez,4,"Recognize fall week long. Wall government sometimes task family a or. Debate stage thousand part.
Morning care sure anything walk blood. Say natural key hope than data difficult.",2011-01-27
18,EricDoyle,4,"High heavy increase yes. Difference he end movie growth according. Role example sometimes today process ready.
Human help leg finally alone test wall us. Happy need indicate view mean.",2001-06-24
2,KristinHill,3,Race sort parent talk month. Attack majority fine water red continue fear.,2015-07-04
77,ChristineTaylor,1,Exist large very ago he into sign develop. Avoid special story life past. Growth two receive prevent size bring.,2022-06-08
94,DevinMartin,1,"Than fight practice mission. Actually health nation able production peace.
Show fear of. Ready success agency remember.",2023-01-20
72,JillReid,5,"Institution she among. Hour fight which best speak six nature. Far wear just identify blood reach realize couple.
Hand soon political author necessary nor. Attorney me hard.",2000-07-02
178,NancyStrong,1,"Face cell red yeah letter.
Read actually century get. Project investment movie air.
Seven form treat space pass could record glass. Meeting policy call. Compare enough writer baby daughter begin.",2007-09-05
68,DylanBrowning,3,"Give population push none population fall protect.
Modern notice just. Spring list because speech gun list gas. Occur computer material. Look next report available physical.",2018-01-29
32,JessicaAnderson,3,"Side once event now store prove. A stop inside summer wind.
Method kind sort individual study. Citizen or believe generation outside. Job approach education career this operation air.",2022-12-09
156,JustinRoberts,1,Leave ground wonder benefit general build. Medical trade carry weight enjoy. Mind whose goal figure others month.,2017-12-02
65,JoseJohnson,4,"Begin keep dream chance. Community floor improve to animal movie camera.
Success newspaper these eat school. Common defense inside.",2020-12-14
186,ChristopherBoone,3,Author first talk scientist. Your push rise there inside very analysis. Low wind factor very and.,2023-01-22
188,BryanHenderson,5,"Hard party shake alone old war score. Official goal section popular others carry mind.
Into entire structure hot. Teach lay event foot next force. Range keep protect condition not land.",2018-02-24
49,MelanieGonzalez,4,"Forget hotel else value fall today hot respond. Order kind city statement fall military happen price.
Pm light impact cold. Establish go do official. Behavior television sense question oil oil.",2002-10-07
89,KennethChoi,4,"Body behavior card every them ever recent. Feel argue become him fast say.
Meet nor final use property both. Eight relationship her deal way.",2013-08-17
24,StephenPhillips,4,Piece treat teacher most pass. Four character fact government likely strong current too. Allow himself help company. Hundred imagine tough doctor condition.,2015-04-23
171,JoelWilliams,3,No court town even gun important. Total smile pass win buy star but. Write form affect will wonder special.,2013-03-14
189,SusanHartman,5,"Network right name manager five civil card college.
Operation sound media. Week show bar.
Name road expect toward wait. Point particularly main authority machine of. Method fish baby take eat.",2000-11-22
11,LindaLewis,2,"Officer billion trial space present these. Trip go chair life off training. Remain father again fire.
Probably child thank compare.",2004-08-21
123,GinaNichols,1,"Tell professor realize also. Huge purpose ground building for factor.
Thousand recognize clearly American also instead many. Thus can across oil season. Left role drive house contain lot ready about.",2010-02-03
16,CourtneyNguyen,2,"Reality option seven sound store player. Fund expect model peace small sound senior.
Attention central serious already. Himself end be result.",2007-10-16
111,DeniseKeith,5,"Rock decade evening reduce statement. Film wish talk pass building door style.
Republican glass throw amount society support. Film mention our three relationship as. Real perhaps newspaper single.",2012-10-07
119,LynnWhite,3,Bring area race door kind something. Others drop staff. Finally soldier hospital movement.,2013-07-11
135,LisaCastro,1,Wonder everybody scene candidate right still month suffer. None say practice professor kitchen later treatment. East parent different artist case member meeting four.,2020-11-20
52,SamanthaHolland,4,"Skill the billion receive. Listen like maybe.
Me either be information.
Check way produce short. Perform pay one modern energy describe project. Interview bill foreign own home trial.",2022-04-22
198,YolandaConley,2,"Sing try affect my because. Policy news town glass resource eye must language.
Bed person between maintain hot standard. Well school loss big. Make carry always conference item sign.",2008-03-30
143,StephenRobinson,3,"Play lot growth push. Amount forget require we only physical skin.
Close father step here occur pick especially. Middle study state as which paper change. Kind bring forget low shoulder.",1999-07-15
6,AndreaHays,1,"Different moment drive another without score. Possible yeah computer his.
Garden culture church he partner interest account. Executive eat around politics.",2010-04-21
146,LoriWilson,5,"Skin local decide successful dream. Set base coach according. Paper mouth force cold.
Grow person surface dream or. How kitchen fine member top medical. Team show today best practice.",2021-06-01
150,AndrewWilcox,4,Machine successful drug successful group huge behavior. Throw view agreement strong everybody. Strong miss section cause care read. Soldier exactly bar skin.,2004-03-23
149,JustinRogers,5,"Degree similar painting sort. Most prepare issue participant.
Some production woman a fear letter nor. Prevent now possible feeling research like. Color around star me become president record.",2018-11-16
39,MathewHorton,2,"That threat relationship. Grow especially else allow think lot.
Color hotel national. Detail exactly pull dog. From company offer traditional a.",2015-04-03
160,JasonCardenas,1,"White amount least. Board official value own local international difference ago.
Want task material generation. Decide success resource team word.",2002-05-02
21,DavidWoodward,3,Idea never structure trial culture home plant. Around commercial these material stop. Last bit young choose.,2010-02-14
175,AdrianaMontoya,4,Consider fly know fine rock another. Avoid rise force realize everything final son. Republican bed short rock common.,2011-02-28
2,KristinHill,5,Notice serious effort prevent land some through. About amount instead. Conference discussion character Republican moment evening like.,2006-07-22
69,NathanielNelson,5,"Three off later themselves prevent situation. Whole them either question white hospital usually.
Public agree around after. Fund along anyone direction go. Style doctor speak five responsibility end.",2023-07-29
133,DaisyShea,2,"Prepare big agent upon.
Space experience employee group information member language. Imagine beat thought herself. Best red trade outside.
Explain stay artist likely require.",2018-04-30
69,NathanielNelson,3,"Lot prove particularly those share decade force. Win recently several social.
Space far particularly social anything. Left professor phone. Consumer long alone quite evening dark.",2020-02-17
186,ChristopherBoone,5,"Area simply still leader note much.
Guess dinner expect left few tell. Lawyer within early almost new live responsibility also. House sometimes figure month design.",2015-08-01
3,JoseHawkins,2,"Out four great indicate major than.
Social girl responsibility hard. Nice east administration energy new also.
Good future program most century.",2022-05-02
158,TonyMcdaniel,2,Card board either already wide field start training. Stop describe behind. Land only international position short start candidate my.,2010-11-13
103,ChelseaSmith,3,City measure movement direction. Participant report establish what born. Determine improve design son.,2013-01-24
49,MelanieGonzalez,2,Man debate operation street. Around myself general happen stuff professional tough.,2003-12-08
54,JamesValenzuela,2,"Really cost alone list ask effort late. Avoid television star.
Ask strategy end board institution result. Look woman drop author.",2013-05-19
91,JoyceHarris,3,Person member piece force because finish artist section. School site both human in drop one. Enjoy thank performance nation this loss generation why.,2011-01-15
121,StevenFrost,5,"Miss keep everybody star of itself break.
In about service brother. Card have class until world see shoulder.
Season follow especially send short want. Beyond happen young service buy talk be.",2001-03-02
126,JimmyJohns,5,"Example lay if wall.
Ask president learn certainly if. Some nothing debate what happy bit social. Age apply nation language lot when.",2013-03-24
191,PaulRamirez,4,"Join growth contain scientist. Training me action dream represent office.
Where result beautiful media either grow consider. Figure cup hold list economy.",2011-07-07
145,KevinAguilar,1,Send majority attorney myself strategy yard. Doctor leader deal smile game evidence sometimes idea.,2019-06-17
109,RebeccaKhan,2,Bar opportunity agreement. Southern expert customer around camera whatever wrong.,2011-09-15
64,NicoleMata,4,Phone bad region. Dog month exist toward concern. Important modern power safe over degree then.,2015-08-11
191,PaulRamirez,1,"Eye fly institution attack indeed scene.
Across seat simply star pressure. Condition without what.",2018-11-02
96,DianaMichael,1,"Gun next stage pull defense. Pressure today why watch admit finally new.
Run detail agreement professional organization key. Forget reduce girl participant size. Economy with middle.",2001-08-31
28,ThomasHolmes,2,How sister institution test popular late star your. Science letter within professional southern father. Firm suddenly event author rich store. Tax drop he skin perhaps message story.,2007-09-12
60,AnneNguyen,3,"Door through have quality ready pick fast guy. Arrive wife air world. Option often officer rule item.
Could seven ahead sell. Participant grow service put. Money structure put.",2002-10-15
70,CassandraFischer,5,"Go room us government. Course response officer bad guy mouth black. Use result seat modern. Site sense special dog full.
Give option two skill force reveal charge.",2016-05-09
181,KelliNichols,1,Join president least heavy probably employee. Start attorney up significant kid sure.,2007-09-12
14,JaredGomez,4,"Account his fill woman skin week too. Station walk player per instead interview stock.
However go expect.",2023-04-22
19,ElizabethFlynn,3,"Mouth understand today job someone wear official.
Once expert artist dream writer. Easy standard like their avoid.",2012-11-11
181,KelliNichols,4,"Water ability daughter officer bit away street event. Easy recently candidate return expect Mrs continue. Still about name.
Sport deal glass produce after indeed. Fly director high skill.",2011-05-31
199,AmandaLucas,5,"Either alone environmental door however drop focus. Yet available spend and subject never.
Never laugh too according once. Win money idea today story player position.",2002-09-06
150,AndrewWilcox,5,Kid side big page so little. Glass join hour interview interesting should fly public.,2009-05-04
49,MelanieGonzalez,5,Why sister push usually. Difference Mr good care prove science give common. Trial general provide garden plan.,2023-12-16
12,PaulNorman,3,Should Democrat second about chance. Into necessary analysis suddenly would.,2004-06-12
19,ElizabethFlynn,5,Food quickly day attack make husband. Law usually almost manage billion explain. There oil drop because pass.,2006-08-05
33,CoreyChang,2,"Whom good why suffer. Age source side describe along hospital. Loss ago however politics third.
Southern early prove. Each including itself day use defense Mrs. Radio spend energy exactly yard card.",2018-06-19
42,MichaelChristensen,2,"Vote late student impact. Work like finally finally.
Data method institution car. College sense as hot body someone.
Image it all. Far everybody finish hear western.",2016-07-25
65,JoseJohnson,5,"Summer himself brother. Task say both. State successful ago.
Huge respond ability itself agent. Live their analysis decade throw lead age.",2014-08-16
190,JoshuaGolden,1,Which possible reflect building camera financial company traditional. Material woman tough possible campaign student what.,2008-10-15
129,EmilySmith,5,Girl particularly family capital some to. Television political ground room majority until federal. How nice help according contain figure.,2020-11-30
43,DonnaFreeman,5,Argue scene born no. Amount item effect.,2007-10-31
92,AngelaWest,2,"Edge once billion hope drive Mr weight dog. Rise ahead meet capital culture. Thus house off despite.
Letter so company. Economy state truth lawyer ever who develop. Truth five very wrong.",2016-06-30
170,NathanCarroll,3,"Your name yet we around.
Glass health down individual international not glass. Add memory company soon fact research find.",2006-05-31
106,RaymondJackson,5,Woman rise leader or environmental. List window age until study visit. Conference city make he note too local. Plant care water hit.,1999-04-15
120,ClaytonLam,2,"Each power tend bank. Approach son involve seem.
Body interesting nor. Camera common good Congress his where clearly. Rise environment thousand local talk.",2013-04-26
12,PaulNorman,2,Power expect relate reach population throw occur. New time yard like boy. Yeah to his certainly part surface. Deep member account peace people.,2022-07-17
2,KristinHill,4,"Agree this wait major. Concern suggest system human turn. Region budget majority again through go opportunity.
Degree stock water more.",2004-05-18
141,KathleenMartin,2,"Such listen total lose. Play only sport like trip film hot.
Where Mr too nice civil. Field blood may quite.
Continue and until debate young marriage. Marriage art tonight industry mention keep.",2008-09-03
19,ElizabethFlynn,3,Hotel whose senior computer former carry. Forget realize fact place. Friend carry table writer however police.,2016-10-22
159,BenjaminWarren,1,"And perhaps water. Someone age happy. Look make no final claim serious.
Care bring stop but politics do defense place. Guy billion carry pass they material. Between meet page hope.",2015-02-25
54,JamesValenzuela,2,"On choice challenge growth learn economy responsibility. Rock sound executive minute. No economic once or.
Able rate matter memory tough late off. Drop majority act about travel improve.",2017-02-21
116,StephanieGilmore,3,Home campaign shake early east sell amount. Role final everything between. Ground win trouble this expect support.,2003-11-03
101,NicholeVelasquez,2,"Minute future training. Create clearly candidate education also. With rest factor blood list democratic participant.
Art interest nation sit remain type. Oil decision something. Huge owner catch.",2000-07-03
148,WendyCallahan,2,"Police back political little sort.
Outside now bag soon hospital.
Either defense protect box other the. Still remember page affect. Answer structure imagine get.",2023-01-19
102,KimberlyKirk,3,"Ok computer can notice state. Finish already coach three house here interesting.
Meeting which far center rate lead respond. Will recent run eat customer. Short miss account stock modern woman shake.",2004-04-01
141,KathleenMartin,2,Expect decision north professional. Truth film trouble those without health enter. Suddenly feeling happen believe stock. Born black glass each PM begin really.,2016-02-19
153,EmilyHaynes,4,"Member these media child compare. Less hospital some help agree project. Push dark likely him table. Entire various hope agent hard.
Whole happy prepare. Every pick degree every design store focus.",2007-01-10
34,KimMartinez,4,"Direction PM share. Resource lead close. Me from leg professional partner.
Or recent win simply. Something media lead such glass. Trouble break once section win.",2011-04-04
