employee_id,first_name,last_name,job_title,department_id,hotel_id
3288,Sheri,Roy,Microbiologist,8060,0
3527,William,Ramos,Dance movement psychotherapist,1344,0
5619,Jennifer,Stewart,Hydrographic surveyor,5373,0
8439,George,Wilson,Marketing executive,9558,0
9885,Sandra,Roberts,Maintenance engineer,2898,0
6698,Mitchell,Cooper,Race relations officer,5589,0
4729,Patricia,Shaffer,"Pharmacist, community",2107,0
6031,James,Anderson,"Psychotherapist, dance movement",3122,0
8742,Angela,Brown,Herpetologist,1566,0
1444,John,Obrien,Higher education careers adviser,576,0
7448,Michael,Hunter,Manufacturing systems engineer,6864,1
4364,April,Hall,Curator,3288,1
4006,Gwendolyn,Lawson,Passenger transport manager,6753,1
7871,Kathy,Farrell,Translator,7894,1
7273,Jennifer,Vasquez,Medical physicist,4630,1
8135,Hayden,Martin,Art gallery manager,3632,1
5432,Katherine,Farmer,Community pharmacist,1525,1
7431,Patty,Sullivan,Data scientist,7400,1
6167,Bruce,Nelson,Furniture conservator/restorer,2025,1
7577,Shelley,Thompson,Archivist,4241,1
8526,Mark,Yang,"Administrator, Civil Service",3520,2
4160,Brandon,Mcintyre,Translator,4442,2
2844,Regina,Johnson,"Journalist, newspaper",936,2
2456,Amber,Gray,Human resources officer,4053,2
4358,Nicholas,Bryant,Futures trader,694,2
6066,Heidi,Wood,Leisure centre manager,2017,2
2671,Cheryl,Roberson,Dispensing optician,113,2
9814,Randy,Diaz,Arts administrator,4105,2
8685,Donna,West,Television camera operator,6760,2
8509,Holly,Faulkner,Theatre manager,2723,2
9158,Walter,Alexander,"Teacher, early years/pre",2826,3
5239,Isaac,Fernandez,Technical author,3740,3
5841,Jamie,Coleman,"Scientist, research (life sciences)",2762,3
4195,John,Boyd,"Scientist, clinical (histocompatibility and immunogenetics)",6842,3
954,David,Dickerson,"Librarian, public",2874,3
5743,Vanessa,Williamson,Television production assistant,4821,3
2113,Ian,Smith,Museum/gallery conservator,7206,3
5669,Bonnie,Frazier,Industrial buyer,677,3
4485,Matthew,Turner,Dance movement psychotherapist,7749,3
3552,Christopher,Turner,"Engineer, drilling",9564,3
7157,Randy,Mason,"Engineer, petroleum",5780,4
1252,Mackenzie,Bush,Pensions consultant,4360,4
2100,Michael,Kim,"Designer, furniture",4830,4
6901,Daniel,Bell,Probation officer,3523,4
4218,Tina,Curtis,Mechanical engineer,1313,4
6696,Randy,Lambert,Merchant navy officer,93,4
4748,Ariel,Nguyen,Paramedic,1990,4
164,Kimberly,Thomas,Commercial/residential surveyor,6248,4
723,William,Delacruz,Further education lecturer,8586,4
65,Hailey,Medina,Photographer,2497,4
6662,Erin,White,Chief Strategy Officer,5412,5
2365,Douglas,Morrison,Armed forces training and education officer,6121,5
4549,Shannon,Fleming,Financial risk analyst,8275,5
7522,Daniel,Walker,Multimedia specialist,6748,5
1385,Matthew,Barker,"Engineer, drilling",8274,5
8043,Devin,Davis,Cabin crew,5053,5
7592,Eric,Vaughan,Sports coach,7886,5
9528,Ryan,Owens,Toxicologist,3596,5
2272,Julie,Andrews,Database administrator,3094,5
7982,Kenneth,Hunt,Environmental health practitioner,5496,5
1639,Michelle,Hill,Armed forces logistics/support/administrative officer,6235,6
3608,Kevin,Martin,Armed forces logistics/support/administrative officer,2017,6
8036,Jessica,Beard,"Geneticist, molecular",4578,6
9555,Elizabeth,Jones,"Scientist, audiological",487,6
5772,Brian,Ellis,"Designer, multimedia",8617,6
7363,Amy,Shelton,"Scientist, research (medical)",967,6
2134,Sean,Moore,Glass blower/designer,8436,6
5916,Hannah,Scott,Adult nurse,665,6
1237,Robert,Sandoval,Office manager,1041,6
9137,George,Mccall,Food technologist,9897,6
5063,Stacie,Smith,Paramedic,7908,7
2845,Sarah,Ford,Chartered accountant,3516,7
2132,Marcus,Lewis,Chief Executive Officer,7883,7
4222,Jerry,Martin,Insurance risk surveyor,6399,7
6088,Matthew,Vargas,Clinical cytogeneticist,8537,7
5780,Heather,Cruz,Careers information officer,5368,7
7483,Anthony,Mendez,Data processing manager,9806,7
8935,Jamie,Frazier,"Librarian, academic",2558,7
6982,David,Matthews,Armed forces operational officer,5916,7
6473,Stephanie,Murphy,"Administrator, local government",8372,7
7274,Robert,Anderson,Tax inspector,5843,8
535,Daniel,Powers,Horticultural consultant,7280,8
8357,Mark,Contreras,Advertising art director,9853,8
9029,Rachel,Mitchell,Sports coach,2219,8
4238,Michelle,Casey,Records manager,9472,8
2109,Sean,Jones,"Geneticist, molecular",8634,8
847,Edward,Harrell,Advertising account executive,4382,8
5073,Sarah,Webb,"Administrator, local government",4001,8
8604,Juan,Paul,"Engineer, automotive",2982,8
5122,Jerry,Young,Operational investment banker,2881,8
8970,Cody,Walters,Chief Financial Officer,4009,9
4752,Tara,Gray,"Lecturer, higher education",7925,9
3616,Nathan,Arnold,International aid/development worker,9998,9
5376,Mark,Baker,"Engineer, structural",4608,9
8481,Joshua,Garrison,Insurance risk surveyor,3903,9
6164,Joseph,Arias,"Scientist, forensic",6208,9
8125,Thomas,Davis,Television production assistant,3533,9
9377,Eugene,Jefferson,Interpreter,5403,9
7045,Rose,Hood,"Designer, furniture",9685,9
735,Donald,Rose,Lawyer,5935,9
8059,Jennifer,Hopkins,Translator,1812,10
7763,Tamara,Brown,Accommodation manager,6487,10
7662,John,Black,IT sales professional,9276,10
2203,Aaron,Cox,Medical illustrator,8882,10
4546,Michael,Fritz,Proofreader,1954,10
6420,Alexis,Pittman,Media buyer,4709,10
7140,Darren,Keith,"Programmer, multimedia",5902,10
7193,Scott,Ellis,Social worker,9327,10
6438,John,Black,"Geologist, engineering",4798,10
1877,Shannon,Herrera,Industrial buyer,4252,10
7267,David,Henderson,"Conservation officer, historic buildings",5524,11
866,Michael,Bradley,Film/video editor,6194,11
4089,Kristin,Clark,Mudlogger,5520,11
3855,Nicole,Bowers,"Surveyor, land/geomatics",8399,11
7932,Shannon,Small,Chemical engineer,1735,11
2960,Christopher,Robertson,Automotive engineer,6369,11
2721,Tamara,Carroll,Theatre stage manager,4965,11
5604,John,Cunningham,Museum/gallery curator,5720,11
3733,Shannon,Baker,Drilling engineer,8658,11
25,Andrew,Newton,Television/film/video producer,1319,11
9587,Selena,Ramirez,Freight forwarder,2474,12
1735,Jason,Munoz,Landscape architect,1811,12
8818,Deborah,Patrick,"Teacher, adult education",5692,12
9636,Hannah,Coleman,Herbalist,119,12
9829,Tina,Soto,"Designer, television/film set",3313,12
6013,Lauren,Wheeler,Cartographer,1439,12
1574,John,Mckee,Psychiatric nurse,8902,12
9673,Bryan,Higgins,IT technical support officer,6597,12
9932,Alexander,Mosley,"Research officer, government",9174,12
9886,William,Fuller,Architectural technologist,1296,12
1731,Barbara,Mora,Conference centre manager,4307,13
7797,Travis,Jenkins,Chief of Staff,6078,13
986,Shelley,Bridges,Aid worker,1214,13
8330,Raymond,Singh,Advertising account executive,6804,13
371,Jodi,Pollard,Environmental education officer,9981,13
1911,Kyle,Duke,"Designer, graphic",2537,13
3180,Denise,Kelley,Naval architect,4369,13
6411,Daniel,Stevens,"Scientist, physiological",9050,13
8053,Jessica,Williamson,"Education officer, environmental",5223,13
8822,Lindsey,Hull,Commercial/residential surveyor,9767,13
3350,Alexander,Anderson,Higher education lecturer,2830,14
3037,Tracie,Jones,Chartered loss adjuster,4711,14
5644,Monica,Jones,"Embryologist, clinical",2428,14
9099,Ashley,Baker,Armed forces training and education officer,5236,14
7734,Dawn,Smith,Broadcast engineer,6631,14
9361,Breanna,Williams,Hydrographic surveyor,5472,14
9249,Larry,Burgess,"Psychologist, sport and exercise",1000,14
6497,Richard,Johnson,Tourist information centre manager,1575,14
6304,Carrie,Wallace,Investment analyst,3403,14
1775,Ashley,Bray,Town planner,2734,14
2646,Zachary,Oconnell,"Engineer, site",1456,15
8278,Shawn,Brennan,Visual merchandiser,5284,15
1537,Ashley,Craig,"Engineer, electrical",6450,15
1790,Michael,White,"Engineer, electrical",8405,15
7118,Lauren,Castaneda,Paediatric nurse,5362,15
9690,Brandon,Sanchez,"Development worker, community",6704,15
6889,Alicia,Jimenez,Economist,2264,15
6447,Dennis,Barajas,Market researcher,6086,15
3567,Seth,Perkins,Jewellery designer,9159,15
6732,Kelly,Elliott,Theme park manager,1232,15
6372,Jeffrey,Strickland,Astronomer,9009,16
6811,Carolyn,Smith,Risk analyst,9395,16
8920,Cynthia,Smith,Clinical embryologist,3762,16
9791,Mark,Gonzalez,IT sales professional,1757,16
272,Stephanie,Campos,Accounting technician,9785,16
3336,Christine,Howell,Teaching laboratory technician,957,16
5924,Courtney,Murray,Theme park manager,9377,16
6175,Monica,Stewart,Television camera operator,5471,16
546,Scott,Goodman,Community pharmacist,5127,16
6844,Antonio,Anderson,Regulatory affairs officer,7367,16
1528,Allison,Nichols,Mudlogger,6569,17
2711,Lori,Howe,Barrister's clerk,7357,17
9035,John,Thomas,"Editor, commissioning",3376,17
305,Michelle,Wright,Systems developer,2410,17
1545,John,Weber,Retail banker,8096,17
1163,Jessica,Williams,"Designer, jewellery",5291,17
9561,Luis,Good,Advertising copywriter,9412,17
77,Allen,Woods,Systems analyst,5089,17
2567,Megan,Moyer,"Journalist, newspaper",8844,17
4333,Jennifer,Stewart,Applications developer,3708,17
4488,Brian,Bush,"Optician, dispensing",3493,18
8938,Patrick,Nguyen,Arboriculturist,4815,18
8365,Bianca,Wilson,Animal technologist,6073,18
158,Heather,Jackson,"Psychotherapist, dance movement",9221,18
5520,Tonya,Brady,Orthoptist,4359,18
3806,Paula,Thompson,Planning and development surveyor,7161,18
734,Steven,Patterson,Pharmacologist,2592,18
4900,Joseph,Johnston,"Civil engineer, consulting",9324,18
1513,Shirley,Torres,Actuary,4956,18
9136,Kaylee,Williams,Tax inspector,276,18
9844,Jackson,Castro,Magazine journalist,3622,19
1659,Alexander,Johnson,Network engineer,681,19
6918,Anita,Martin,"Merchandiser, retail",1404,19
4989,Robert,Mcconnell,"Journalist, newspaper",2071,19
253,Anna,Archer,"Therapist, horticultural",5117,19
4820,Phillip,Powell,Architectural technologist,2173,19
7532,Margaret,Martin,"Engineer, broadcasting (operations)",4985,19
3495,Randall,Lopez,Orthoptist,24,19
4349,Lori,Chambers,Archivist,5166,19
6907,James,Bates,Commercial/residential surveyor,329,19
